vietnam/part1/hagiang2/IMG_20230228_170951.jpg,vietnam/part1/hagiang2/IMG_20230228_170951.jpg,image
vietnam/part1/hagiang2/P2280663.JPG,vietnam/part1/hagiang2/P2280663.jpg,image
vietnam/part1/hagiang2/IMG_20230301_112417.jpg,vietnam/part1/hagiang2/IMG_20230301_112417.jpg,image
vietnam/part1/hagiang2/P2280667.JPG,vietnam/part1/hagiang2/P2280667.jpg,image
vietnam/part1/hagiang2/IMG_20230301_152118.jpg,vietnam/part1/hagiang2/IMG_20230301_152118.jpg,image
vietnam/part1/hagiang2/P2280669.JPG,vietnam/part1/hagiang2/P2280669.jpg,image
vietnam/part1/hagiang2/IMG_20230301_144446-PANO.jpg,vietnam/part1/hagiang2/IMG_20230301_144446-PANO.jpg,image
vietnam/part1/hagiang2/P2280672.JPG,vietnam/part1/hagiang2/P2280672.jpg,image
vietnam/part1/hagiang2/P3010682.JPG,vietnam/part1/hagiang2/P3010682.jpg,image
vietnam/part1/hagiang2/IMG_20230301_122502-PANO.jpg,vietnam/part1/hagiang2/IMG_20230301_122502-PANO.jpg,image
vietnam/part1/hagiang2/P2280668.JPG,vietnam/part1/hagiang2/P2280668.jpg,image
vietnam/part1/hagiang2/P2280673.JPG,vietnam/part1/hagiang2/P2280673.jpg,image
vietnam/part1/hagiang2/P2280675.JPG,vietnam/part1/hagiang2/P2280675.jpg,image
vietnam/part1/hagiang2/P3010684.JPG,vietnam/part1/hagiang2/P3010684.jpg,image
vietnam/part1/hagiang2/P2280677.JPG,vietnam/part1/hagiang2/P2280677.jpg,image
vietnam/part1/hagiang2/P2280674.JPG,vietnam/part1/hagiang2/P2280674.jpg,image
