indonesia-1/bromo/P4301174.jpg,indonesia-1/bromo/P4301174.jpg,image
indonesia-1/bromo/P4301152.jpg,indonesia-1/bromo/P4301152.jpg,image
indonesia-1/bromo/P4301130.jpg,indonesia-1/bromo/P4301130.jpg,image
indonesia-1/bromo/IMG_20230430_070503.jpg,indonesia-1/bromo/IMG_20230430_070503.jpg,image
indonesia-1/bromo/IMG_20230430_063505.jpg,indonesia-1/bromo/IMG_20230430_063505.jpg,image
indonesia-1/bromo/P4301178.jpg,indonesia-1/bromo/P4301178.jpg,image
indonesia-1/bromo/P4301163.jpg,indonesia-1/bromo/P4301163.jpg,image
indonesia-1/bromo/P4301220.jpg,indonesia-1/bromo/P4301220.jpg,image
indonesia-1/bromo/IMG_20230430_052024.jpg,indonesia-1/bromo/IMG_20230430_052024.jpg,image
indonesia-1/bromo/P4301182.jpg,indonesia-1/bromo/P4301182.jpg,image
