indonesia-rinjani/day-2/IMG_20230521_161923.jpg,indonesia-rinjani/day-2/IMG_20230521_161923.jpg,image
indonesia-rinjani/day-2/IMG_20230521_074456.jpg,indonesia-rinjani/day-2/IMG_20230521_074456.jpg,image
indonesia-rinjani/day-2/IMG_20230521_084639.jpg,indonesia-rinjani/day-2/IMG_20230521_084639.jpg,image
indonesia-rinjani/day-2/IMG_20230521_084801.jpg,indonesia-rinjani/day-2/IMG_20230521_084801.jpg,image
indonesia-rinjani/day-2/IMG_20230521_063654.jpg,indonesia-rinjani/day-2/IMG_20230521_063654.jpg,image
indonesia-rinjani/day-2/IMG_20230521_080950.jpg,indonesia-rinjani/day-2/IMG_20230521_080950.jpg,image
indonesia-rinjani/day-2/IMG_20230521_054902.jpg,indonesia-rinjani/day-2/IMG_20230521_054902.jpg,image
indonesia-rinjani/day-2/P5211477.jpg,indonesia-rinjani/day-2/P5211477.jpg,image
indonesia-rinjani/day-2/IMG_20230521_144611.jpg,indonesia-rinjani/day-2/IMG_20230521_144611.jpg,image
indonesia-rinjani/day-2/IMG_20230521_171112.jpg,indonesia-rinjani/day-2/IMG_20230521_171112.jpg,image
indonesia-rinjani/day-2/IMG_20230521_081434.jpg,indonesia-rinjani/day-2/IMG_20230521_081434.jpg,image
indonesia-rinjani/day-2/IMG_20230521_061956.jpg,indonesia-rinjani/day-2/IMG_20230521_061956.jpg,image
indonesia-rinjani/day-2/P5211479.jpg,indonesia-rinjani/day-2/P5211479.jpg,image
indonesia-rinjani/day-2/IMG_20230521_085032.jpg,indonesia-rinjani/day-2/IMG_20230521_085032.jpg,image
indonesia-rinjani/day-2/IMG_20230521_060044__01.jpg,indonesia-rinjani/day-2/IMG_20230521_060044__01.jpg,image
indonesia-rinjani/day-2/IMG_20230521_072151.jpg,indonesia-rinjani/day-2/IMG_20230521_072151.jpg,image
indonesia-rinjani/day-2/IMG_20230521_182144.jpg,indonesia-rinjani/day-2/IMG_20230521_182144.jpg,image
indonesia-rinjani/day-2/IMG_20230521_100417.jpg,indonesia-rinjani/day-2/IMG_20230521_100417.jpg,image
indonesia-rinjani/day-2/IMG_20230521_063920.jpg,indonesia-rinjani/day-2/IMG_20230521_063920.jpg,image
indonesia-rinjani/day-2/IMG_20230521_061703.jpg,indonesia-rinjani/day-2/IMG_20230521_061703.jpg,image
indonesia-rinjani/day-2/IMG_20230521_063517.jpg,indonesia-rinjani/day-2/IMG_20230521_063517.jpg,image
