huayhuash/general/P7081970.JPG,huayhuash/general/P7081970.jpg,image
huayhuash/general/P7102052.JPG,huayhuash/general/P7102052.jpg,image
huayhuash/general/IMG_20230710_073318.jpg,huayhuash/general/IMG_20230710_073318.jpg,image
huayhuash/general/IMG_20230709_125957__01.jpg,huayhuash/general/IMG_20230709_125957__01.jpg,image
huayhuash/general/P7162134.JPG,huayhuash/general/P7162134.jpg,image
huayhuash/general/P7132066.JPG,huayhuash/general/P7132066.jpg,image
huayhuash/general/IMG_20230716_102238.jpg,huayhuash/general/IMG_20230716_102238.jpg,image
huayhuash/general/P7162114.JPG,huayhuash/general/P7162114.jpg,image
huayhuash/general/P7162120.JPG,huayhuash/general/P7162120.jpg,image
huayhuash/general/IMG_20230710_101815.jpg,huayhuash/general/IMG_20230710_101815.jpg,image
huayhuash/general/P7162104.JPG,huayhuash/general/P7162104.jpg,image
huayhuash/general/IMG_20230712_071440.jpg,huayhuash/general/IMG_20230712_071440.jpg,image
huayhuash/general/IMG_20230710_072238.jpg,huayhuash/general/IMG_20230710_072238.jpg,image
huayhuash/general/P7092020.JPG,huayhuash/general/P7092020.jpg,image
huayhuash/general/P7122063.JPG,huayhuash/general/P7122063.jpg,image
huayhuash/general/P7162126.JPG,huayhuash/general/P7162126.jpg,image
huayhuash/general/P7102051.JPG,huayhuash/general/P7102051.jpg,image
huayhuash/general/IMG_20230711_084642.jpg,huayhuash/general/IMG_20230711_084642.jpg,image
huayhuash/general/IMG_20230717_070850__01.jpg,huayhuash/general/IMG_20230717_070850__01.jpg,image
huayhuash/general/P7091999.JPG,huayhuash/general/P7091999.jpg,image
huayhuash/general/P7162128.JPG,huayhuash/general/P7162128.jpg,image
