indonesia-1/borobudur/P4271049.JPG,indonesia-1/borobudur/P4271049.jpg,image
indonesia-1/borobudur/P4271055.JPG,indonesia-1/borobudur/P4271055.jpg,image
indonesia-1/borobudur/P4271025.JPG,indonesia-1/borobudur/P4271025.jpg,image
indonesia-1/borobudur/P4271064.JPG,indonesia-1/borobudur/P4271064.jpg,image
indonesia-1/borobudur/P4271071.JPG,indonesia-1/borobudur/P4271071.jpg,image
indonesia-1/borobudur/P4271043.JPG,indonesia-1/borobudur/P4271043.jpg,image
indonesia-1/borobudur/group.jpg,indonesia-1/borobudur/group.jpg,image
indonesia-1/borobudur/P4271038.JPG,indonesia-1/borobudur/P4271038.jpg,image
indonesia-1/borobudur/IMG_20230427_082502.jpg,indonesia-1/borobudur/IMG_20230427_082502.jpg,image
indonesia-1/borobudur/P4271030.JPG,indonesia-1/borobudur/P4271030.jpg,image
indonesia-1/borobudur/IMG_20230427_091016__01__01.jpg,indonesia-1/borobudur/IMG_20230427_091016__01__01.jpg,image
